,Epoch Time,No.,Time,Length,allData,bit-string,stNum,sqNum,confRev,Interface id,Time shift for this packet,Time delta from previous captured frame,Time delta from previous displayed frame,Time since reference or first frame,Frame Number,Frame length on the wire,Frame length stored into the capture file,timeAllowedtoLive,numDatSetEntries,Length.1,Info
count,60510.0,60510.0,60510.0,60510.0,60510.0,24220.0,60510.0,60510.0,60510.0,60510.0,60510.0,60510.0,60510.0,60510.0,60510.0,60510.0,60510.0,60510.0,60510.0,60510.0,0.0
mean,1702951920.469613,3541624.467559081,1702951920.469613,154.34371178317633,1.3908775409023302,70.91659785301404,82.26617088084615,900.8683688646505,1.0,0.0,0.0,9.100669310857709e-05,0.1844999216162618,734.9441554189391,3541624.467559081,154.34371178317633,154.34371178317633,2523.936671624525,1.3908775409023302,140.34371178317633,
std,194725.53124770088,2353030.065003674,194725.53124770088,13.930988603711178,0.7930827349476411,16.758266219096097,98.85393266081326,2085.8743395616034,0.0,0.0,0.0,8.632496361842427e-05,0.26868557304741264,488.3283335828613,2353030.065003674,13.930988603711178,13.930988603711178,1414.031920600538,0.7930827349476411,13.930988603711178,
min,1702752676.872736,54.0,1702752676.872736,136.0,1.0,40.0,1.0,0.0,1.0,0.0,0.0,0.0,0.0,0.01093,54.0,136.0,136.0,8.0,1.0,122.0,
25%,1702755814.9524136,1512545.25,1702755814.9524136,141.0,1.0,80.0,10.0,10.0,1.0,0.0,0.0,0.0,0.00287625,313.879648,1512545.25,141.0,141.0,2000.0,1.0,127.0,
50%,1702906216.176777,3241775.0,1702906216.176777,149.0,1.0,80.0,61.0,56.0,1.0,0.0,0.0,8.4e-05,0.0562405,672.8370485,3241775.0,149.0,149.0,2000.0,1.0,135.0,
75%,1702928229.503293,5428424.5,1702928229.503293,168.0,1.0,80.0,127.0,426.0,1.0,0.0,0.0,0.00015,0.205241,1126.1289615,5428424.5,168.0,168.0,4000.0,1.0,154.0,
max,1703300092.617245,8847120.0,1703300092.617245,176.0,3.0,80.0,1985.0,14751.0,1.0,0.0,0.0,0.000714,1.001466,1836.406162,8847120.0,176.0,176.0,4000.0,3.0,162.0,
