,attack_type,num_samples,num_attack,attack_ratio,stNum_mean_normal,stNum_mean_attack,sqNum_mean_normal,sqNum_mean_attack,ttl_mean_normal,ttl_mean_attack,length_mean_normal,length_mean_attack
replay,replay,10095,100,0.009905894006934125,111.67053526763382,73.56,41.632516258129066,0.0,2197.3306653326663,10.0,154.24812406203102,145.35
masquerade,masquerade,6739,100,0.014838996883810655,50.28046392528995,18.96,48.129537580960985,1.5,2513.6556710347945,537.52,151.76668172917607,145.34
injection,injection,8409,100,0.011892020454275181,51.08340353833193,1021.36,2340.5780478998677,6934.04,2430.809965098086,3000.0,154.7062221687327,147.91
poisoning,poisoning,5015,2000,0.3988035892323031,27.25804311774461,41.0,407.30845771144277,499.5,3000.3316749585406,4000.0,150.73366500829187,167.872
