Attack Type,Inter-class Distance,Intra-class Variance,Separability Score,Detection Difficulty
Masquerade,6.236932406687787,0.3653214805506691,10.318883618910762,Easy
Replay,6.277319410709312,0.4120298223475276,9.779332791575397,Easy
Injection,12.931140589590946,5.782547447157779,5.377458288702726,Easy
Poisoning,1.425600689076595,0.16268138992184514,3.53449915947971,Medium
