Feature,Variance,PCA_Importance
sqNum,3212380.7053655093,0.624398503274462
timeAllowedtoLive,2005893.8868266887,0.04826914215914733
stNum,7752.222510177769,0.526343212596137
Length,194.89711537808483,0.5605652067533571
boolean_1,0.02577240497560291,0.12855376523219905
