Attack Type,Inter-class Distance,Intra-class Variance,Separability Score,Detection Difficulty
Replay,17.469774561210382,0.5045670917974994,24.593890110182258,Easy
Injection,29.85796301783293,2.9055616417813503,17.516400814507723,Easy
Poisoning,7.848551883827926,0.2725203028438399,15.034509720584296,Easy
Masquerade,8.01628474102206,1.3433874405131376,6.916272857547874,Easy
