Attack Type,Inter-class Distance,Intra-class Variance,Separability Score,Detection Difficulty
Replay,16.844093368391594,0.49003277408680834,24.06215145600198,Easy
Injection,29.486074773596854,2.783009295326475,17.67499801721194,Easy
Poisoning,8.142255013531516,0.42368778282393427,12.508955930048888,Easy
Masquerade,7.9635535588090685,1.245732492249558,7.135002342341087,Easy
