Attack Type,Inter-class Distance,Intra-class Variance,Separability Score,Detection Difficulty
Injection,11.418785868056965,2.3553143604033546,7.440381528457093,Easy
Poisoning,3.0740219655481096,0.29897927752871034,5.621932515617796,Easy
Masquerade,2.1419202675911575,0.548465199239447,2.8921990274024454,Medium
Replay,2.3685642418121544,0.6769184547457374,2.878832940722174,Medium
